70553ea5-7131-414a-a958-3025eba52d8b,MARTIN,180,11,FORWARD,20,40
45bae62c-0e64-4c15-90fd-6fda6540e464,MARTIN,180,11,FORWARD,20,40
fd9bebb0-5dd8-4211-81b2-3db09cf2dda0,MARTIN,180,11,FORWARD,20,40
8e8aa5f5-60b6-42fe-b1ae-0af20097c3a7,MARTIN,180,11,FORWARD,20,40
c0367f14-9080-43cb-9ee7-6f26f5d2afab,MARTIN,180,11,FORWARD,20,40
aacd1eda-91be-422e-92e0-fad11f0e47f4,CAMILO,180,11,FORWARD,20,40
e15063f7-e40f-4de5-89e9-605d044bdd95,CAMILO,180,11,FORWARD,20,40
6a808b4a-5ef0-48ea-a8b8-7d01266a74e3,CAMILO,180,11,FORWARD,20,40
0afb6edf-4989-4081-9c4c-2744563548ec,CAMILO,180,11,FORWARD,20,40
2a8dbab8-63d8-4a97-8de7-ccdd2862fdd8,CAMILO,180,11,FORWARD,20,40
